mot	index
rigoureuse	2482
divers	3083
présentant	279
déjà	1277
integrer	234
nommé	1978
travaux	3664
limites	842
limiter	1071
fourni	1120
minuscule	2793
sécurité	1182
échangés	2304
internes	2318
utilisateur	785
définition	406
paris	2
segments	1814
lourd	2168
lors	565
processus	1157
moyennant	2319
quotas	3417
journaux	2537
léger	2160
aux	26
codifiée	2850
valeur	278
categorisation	1629
marche	60
siècle	316
contrôlant	1508
malveillantes	2853
groupement	3414
activation	3309
voie	831
dell	3422
œuvres	2856
périmètre	517
éditeur	1694
consiste	1447
lecture	442
tandis	1698
voir	1688
imprimante	2161
upf	901
basées	463
solution	141
révisé	2006
viable	3013
au1	2536
fonctionnement	1315
succession	576
importantes	2577
identifiants	3397
actuellement	569
écrans	577
désignant	1927
cessible	2868
rarement	511
événements	2516
antérieurs	617
capitalisation	2871
histoire	1866
chez	3432
direct	2188
budget	3206
chef	1457
second	331
fabriqué	1804
fréquemment	1555
nœud	2170
contenues	2877
nomenclatures	2878
puissantes	3460
communauté	2208
distinguera	3436
workflow	3017
risques	1360
cotes	303
net	33
e6300	3592
incombe	1488
niche	2274
consécutive	1240
chantiers	2058
licences	1262
longvic	3211
sddp	254
évolution	992
débits	2313
numérisation	86
met	2891
protection	229
mes	3173
active	2330
commentaires	970
reçus	2133
près	268
clientserveur	1695
même	1160
associé	1619
urbain	912
destinée	245
forum	2897
indiquer	783
partenaires	2557
précisées	1392
déconcentrés	297
mantis	2900
exploitabilité	107
intellectuelles	21
marquée	2695
generale	59
nomades	3643
collaborateurs	2896
dernières	1373
visualiser	739
envoi	3246
changer	1784
effet	2281
inactifs	2808
lois	2989
dérivé	3035
imputation	2532
pertinence	3214
arborescence	2792
titulaires	2676
modifiés	2908
retards	2909
attente	491
fournies	1633
commerciaux	2861
modifiée	1410
avantages	3454
précédentes	2913
clichés	2051
affichera	782
tels	2734
chargera	1320
applicabilité	2652
leurs	487
agences	3459
sgbd	2148
normalement	1775
consulaire	320
désigner	3598
respectée	1439
dns	2267
fonctionnalites	75
ad075	1984
découpage	1808
type	233
cindoc	2146
réalisé	857
mois	1454
populations	1805
recensement	772
utilisé	2363
sortie	1498
award	2923
contenant	1659
syntaxe	2928
vpn	3464
td	1916
fondateur	3025
mémoriser	2930
complexité	2366
commentaire	1875
mo	532
liée	1885
majoritairement	437
périodes	305
raid1	3468
ms	2338
adressée	3440
mondial	3470
avaient	372
utiles	2347
répond	561
achevées	2067
sauvegardes	2710
acteurs	150
fax	2852
produits	1330
cryptée	3281
couvert	2681
recommandées	1205
contextes	2939
quotidien	1506
distingue	1700
jusqu	338
entretien	2943
granularité	2507
concerné	1414
réactif	2198
cliquer	3383
virement	3343
simultanés	2854
nombre	519
quoi	558
principaux	2400
distribués	2855
résultants	885
lan	2145
validée	1437
description	187
utilise	1682
minimums	1204
x509	2248
20ème	1847
package	3373
resultats	1642
délégation	3488
personnalisées	2955
quelconque	3278
contenus	1334
impliqués	2627
laquelle	1921
types	614
historique	282
algorithme	2242
ils	2197
explicitant	799
durée	1286
calendrier	1343
plage	3064
croissant	750
accéder	660
rappelle	2455
alias	3493
défiler	1689
parcours	1658
exclus	2376
registres	606
traitées	1812
exclut	2562
qualite	160
monde	3127
office	2966
telecom	2967
nouvelle	1258
simplifier	3033
jpeg	510
horaires	3227
picto	2816
afin	595
relève	2641
moitié	848
enfants	196
modeste	3503
suites	2735
préconisée	1337
mettent	2478
correctifs	2737
caractère	2528
référent	2976
ims	3618
production	70
mettra	1349
fin	602
généralement	2980
fil	2981
mettre	277
tickets	3426
recours	1116
conseille	2630
associées	953
considéré	3236
microfilm	525
affecter	2559
regrouper	1809
workflows	2987
touchant	1615
prestataires	2733
supérieure	2573
usagers	2535
juridictions	299
décennale	611
généraux	714
évolutions	571
l	66
chronologie	1829
pluriannuels	792
supérieurs	776
lancée	530
enrichissement	1268
choix	654
european	3133
réforme	868
réservation	1486
séparations	1818
rejoindre	3145
estime	3234
administrer	2495
series	191
2miln1926	1727
aide	585
autre	740
batonés	1871
financières	2576
cryptographiques	2488
directory	3001
jours	1309
clauses	22
mdp	2166
requête	1660
soumissionnaire	257
abordés	1502
virtualisation	3003
clé	2054
acteur	2656
toute	745
matriculés	748
originaux	506
effectuées	1328
routés	2414
décennie	609
serveur	1118
appartient	2450
propriétés	1607
tierce	3016
actuelle	1119
enchaînement	2887
conscrit	741
administrables	2904
standard	231
assurer	1025
opérer	2678
formation	1142
chargement	171
avantage	3511
statistique	726
publication	3041
trouvée	1754
intuitifs	2825
restreindre	3024
plaignant	2106
répète	1795
messages	494
syndication	3027
messagerie	2202
errif	1935
journalisées	2534
trouvés	317
erril	1937
disques	3031
puce	2245
champs	778
attribuer	2588
chèque	3530
prévisualisation	3034
publiées	2423
cibles	2425
créneaux	3535
effectué	2022
leaders	3430
susceptible	3169
enrichie	2008
listes	535
lister	1657
extrêmement	1967
ouvrés	1493
service	146
annexé	2660
engagement	1256
semestriel	2866
intègre	2178
responsable	409
contrôleur	2266
observations	2032
enrichir	3537
priorisation	2340
illisible	1938
vingtaine	502
john	3047
patronyme	827
dgic	1511
directement	2217
normale	1846
commutateurs	2416
évolué	2024
échéancier	3054
balises	2770
dégradés	3056
méta	3050
prendre	2444
résultats	177
composants	1086
prendra	1429
logés	705
structures	1712
prestataire	1363
décompte	3516
hors	1755
extrêmes	687
final	3547
notamment	400
juridique	283
idle	3549
vertu	10
composante	2460
considérés	3165
poids	520
conforme	1518
mini	1724
usages	2089
usager	954
versements	2093
générales	24
réalisée	2648
marché	3
présente	2430
telle	1780
decennales	1851
réalisés	1067
souris	2811
composée	2078
physiques	1702
employés	1868
préciser	1061
chapitres	3077
dashlets	2876
souplesse	165
applicative	1132
extensible	3250
annexe	162
aisément	1568
basés	1685
entreposés	2957
idprincipal	2023
alors	1834
golive	2789
exister	1900
bonne	1362
pop	3614
technologique	3566
comporter	2518
transmis	2730
sensibles	2526
virtuels	3502
totalement	3682
formulaire	2009
doit	471
émission	2385
robustes	3569
état	522
collectivités	3337
vérifier	645
phase	515
traitant	2581
marie	1391
parcellaire	852
routage	2124
respectant	1037
purges	1178
m	1853
proposant	870
points	1029
ouverture	1221
maitrise	1456
légende	914
photographies	551
notion	768
reserve	93
devenu	2219
peine	2289
minimale	2082
héberge	2317
lancement	1425
ajout	1272
ordonnance	2102
ouvrière	2050
liste	74
filtre	3109
recouvrant	2544
solutions	451
visualisation	482
volumétrie	3581
protocol	2335
pris	2401
identifiant	889
révisée	2649
uniques	2771
assigner	3254
fonctionnelle	1297
authentifiés	2697
microfilms	498
multidomaines	3437
création	1610
annuaire	2940
capacité	990
cependant	1776
trafic	3522
pannes	3122
supplémentaire	3194
normalisations	1121
règles	1148
décrits	1129
marville	2076
envisageable	2571
créations	1122
pop3	2383
peuvent	1149
incluse	2988
dsti	252
volumétire	3588
du	14
propre	1139
dp	1962
plein	3060
malgré	2972
offres	1227
sélection	596
excel	3384
menant	2880
reportée	2543
architecture	94
désire	3452
viennent	1621
développeur	2700
bibliothèque	355
décrivant	1304
blanches	3594
fait	335
équipes	2201
logiciels	98
cuivre	2403
hébergé	3142
décomposent	1982
nécessaire	1213
zones	2316
professionnel	2128
num	2033
derniers	3063
discussions	3073
initiales	1840
recherchée	657
diffusée	2651
alternative	3261
actifs	1004
techniques	46
secrétariat	352
réservations	3071
mur	843
lots	591
optique	2119
bien	647
rendu	1500
accès	420
exécution	981
réception	1060
horodatage	2841
emplacement	3158
accord	453
lecteurs	246
concernent	855
nature	505
visualise	957
dernière	862
2miln1936	1729
cohérente	2325
clamav	3603
répertoire	195
continuité	2199
terme	497
auteur	3212
émuler	3162
contamination	3164
boîtes	3604
xp	2744
recensés	760
errpc	1933
préventives	3628
prenom	1951
candidat	553
prénoms	807
parisien	904
rédigé	1445
restreint	2584
amenée	1523
détenteur	1988
générées	2742
destinataire	2333
une	30
demander	485
demandes	492
ia2	2477
entamée	3481
adaptee	215
rigoureuses	3613
programmée	1006
unicast	2420
portant	1601
anciennes	1837
contrats	1146
naviguer	1691
gère	1505
identique	1766
initiative	1560
rapport	1893
installées	1375
administrations	1093
verrou	3181
implantés	376
déduite	1907
sélectionnée	876
retrouver	921
cyrus	3619
puissance	3620
financière	2552
interne	2152
décision	1430
kolab	3658
préventive	1253
séances	2231
suivre	2604
privée	2461
12ème	1113
xxx	2802
repérage	1838
livré	1446
meilleure	950
xxe	2072
fortement	1078
oubliée	1929
commerce	2095
gabarit	2783
libres	1092
napoléonien	861
administrative	354
confiance	2473
destinés	2052
n	1114
calcul	1015
références	1892
insérés	2779
organisera	1340
xx	2334
devra	554
désistement	3215
intervalles	926
ip	2327
is	1759
ir	1765
réutilisables	3219
décennales	202
biais	593
il	603
réserver	1372
in	3244
mouvements	2715
chiffres	1792
id	1942
outils	1528
quand	1771
dérivée	567
dépendant	1827
rédaction	1293
stockées	3226
principale	789
déclinaison	1400
thunderbird	3576
mémoire	994
publiée	3674
complet	1302
platine	3233
raid	3218
i0	3238
enchaîner	2994
interpréter	1720
elle	391
kit	3240
renaissance	312
papiers	2713
établi	742
francophone	3242
cycle	2666
rrdtool	3650
sdpr	255
approches	1649
éloignés	2709
intervenant	2682
dressés	749
conseils	2637
spécificités	478
approbation	1526
client	1164
dateréal	2028
intelligence	3141
centres	413
montants	3090
technicien	3557
distinguant	1285
consécutivement	3105
autorisée	819
contenir	1821
terminologie	61
élever	3370
couleur	2781
repose	3132
proposer	3130
tâches	1151
autorisés	2510
justifient	2612
reprenant	952
classés	630
représentatif	1464
nonrèglement	3268
caractérise	2362
masse	1176
transformer	3264
volumetrie	85
filtrante	3659
sécurisés	3660
photographes	2074
vie	2667
relatives	2602
développera	1138
sécurisée	2381
banque	3271
visant	2263
collections	426
justices	324
5j	3480
conflits	3662
5d	1748
bande	2276
5a	1745
5c	1747
5b	1746
synchronisation	2846
municipal	340
genealogiques	1716
hôtes	723
exprimant	1638
possible	42
appliquées	3251
disponibilite	1233
serveurs	1109
bouton	672
validées	3625
unique	2464
spécifiqueou	2441
éventuelle	3269
d	29
annuelles	758
securite	220
développer	386
mesure	1968
fournir	1130
fournis	624
décomposée	392
échelle	888
champ	2090
explique	1823
complexe	1275
délai	1374
logiques	1156
sql	3727
evolutions	140
animé	1466
saurait	3287
utilisera	1617
enregistrés	2704
enregistrée	3151
obtenu	2077
domaines	1312
paragraphe	2456
imprimables	3289
volonté	2950
réduite	1232
profiter	3495
transmise	2650
annuaires	2130
performantes	3293
zoom	945
référents	3119
caractères	1603
critique	3297
bord	3299
chantier	902
améliorer	2264
trigramme	1926
intégrer	516
total	2978
donne	3686
notification	573
requêtes	2392
gouvernement	3152
maîtriser	2181
maîtrises	2527
ics	3310
renseignements	712
fonctionnant	3677
carte	734
plateformes	2693
core	3680
tva	3029
globalement	2563
multilingue	3666
photographiques	427
pose	1815
présence	1824
graphiques	2791
post	3322
archivées	3088
normalisation	1563
disponibilité	116
résumés	2546
illustrer	1622
automatiser	2265
névralgiques	2183
entrants	3326
o	845
société	3327
cadre	248
particulièrement	1220
horizon	450
réguliers	3435
numéros	751
fournie	2310
fera	1100
tranche	806
livrées	1749
civil	203
dissocié	2775
lien	2185
décrite	1195
son	250
lier	3694
ppp	1028
changements	3334
journalier	2342
systemes	64
collecteur	179
errr	1939
réels	1450
réservé	82
critères	1639
langage	3696
réglementations	3339
avait	3028
intéropérabilité	3570
support	1397
initial	1394
logiciel	1083
conservées	1331
localité	832
accords	3347
dès	1307
électronique	661
operationnel	1477
connaître	698
formaliser	2606
systématiquement	1791
ultérieurs	2745
ligne	1279
contractuels	3352
analyse	1393
encoder	1681
interopérabilité	3706
très	307
pilotage	138
laurent	3573
vlans	2413
recolement	1873
portions	3128
prochaines	434
versions	1170
voire	1596
maximale	3687
maximum	1236
liens	1673
cohérents	2490
inégalement	308
exacts	1646
opérées	817
montées	1063
dues	2736
résumé	3366
regles	239
mails	3712
entièrement	1593
apprentissage	3714
applicatifs	185
petit	1652
fixées	1251
apportés	2920
greffer	1582
élaboration	401
jugée	3374
conséquent	1571
expertise	3377
bien2	2109
programmées	2634
limités	2702
archive	3381
ni	684
comportent	2103
résiduels	2434
imputable	3249
na	2295
aisée	941
nd	1803
ne	641
exploité	2184
constituera	2298
test	2671
chargée	399
commerciale	3390
roll	2809
analysé	3392
autonomie	3394
exporter	3395
superposition	3723
comportant	925
ccap	1419
eiffel	3398
ici	1985
longueur	2012
biens	814
responsables	1635
turba	3462
transfert	136
neutralité	3368
lesquels	2925
minutes	2574
variées	3266
préavis	3407
modules	241
deploiement	1569
reception	143
centralisé	3732
sujet	2107
doter	1543
parcellaires	425
possèdent	2829
olléon	1718
saas	2833
5mi3	1743
global	1131
alternatives	677
5mi4	1742
raccourcis	3247
baisse	2278
retour	662
signifie	2836
garçons	1879
étape	422
manuscrite	3634
proposera	1207
ves	1737
zone	867
donner	1758
rédigera	1499
technique	212
passage	711
gourmandes	2275
charge	1040
référer	2657
jvm	1077
numérotés	53
un	280
utilisées	2355
appliquer	2851
obligatoirement	2237
sourc	2332
composantes	2679
ergonomique	240
opérationnel	156
validé	1496
bénéficier	1587
gauche	2824
orientations	454
totale	2858
ouvert	2189
fragments	1693
sujets	2628
dénombrement	598
posts	2862
standards	2607
p	2818
débuts	1820
participation	1390
partager	2864
partages	2141
dit	2270
poste	121
datevalrej	1920
passante	2277
ville	390
prévoit	1781
universelles	910
nortel	2418
droit	2875
enfantstrou	1736
quelques	313
incluant	2609
etats	537
préférable	697
port	2336
géographique	694
générés	2389
offrant	1189
ouvrage	913
visionneuse	180
filles	1880
assistance	1377
insistance	634
conjointement	1443
supporter	1577
numerises	476
relationnelles	2007
categorie	3663
relatifs	2723
développement	68
appelée	3466
seuls	650
chargé	1468
groupe	1462
valide	1478
déclenchée	2885
présentée	570
fibre	2118
hébergée	2888
produites	1995
espaces	3294
convenir	2453
progicielle	1194
planifiées	3469
complémentaire	791
prônés	1529
apache	3441
adresses	3442
fonctionnalité	1270
hébergés	2399
moyens	1487
comportera	470
ref	2302
cette	462
domaine	223
traitements	1174
exploitation	412
payables	3447
throughput	2345
colonne	2291
poursuivre	784
entier	1919
exprimée	2326
navigation	89
ad075td	1763
macintosh	2752
applicatives	2708
habituelle	1807
parmi	1000
notons	2907
retirer	2503
métrique	2568
refuser	2498
d4r1	1740
pièce	2100
teneur	2582
terminal	2211
satisfaire	2225
immédiatement	2658
sommaire	57
interdire	1098
france	1556
fournisseurs	2614
opération	2918
https	3461
exécutoire	2879
conservation	3346
équipe	1522
navimages	457
vous	2919
quotidiennes	3372
soumis	1409
boutons	584
incident	2688
smtp	2380
acceptable	2570
garantie	120
compatibilité	2741
électroniquement	3729
appel	1226
correctement	3275
garantit	1145
garantir	989
pratiques	1388
tribunal	323
certifiée	3121
juste	3683
bits	1994
cas	467
rassemblent	285
flu	2331
ad075ts	1762
régulièrement	3684
sous	205
sour	2390
incidents	2632
modifier	1597
banlieue	370
indexées	928
pop3s	3472
françois	1717
construit	1531
manuels	1345
chargés	2975
confidentialité	2554
listent	2288
détentrice	1973
réduction	959
restitution	813
parce	1901
autorise	3068
maîtrise	153
dispositions	2601
discussion	2944
virtualisé	2946
conduire	3477
formée	2947
identiques	873
differents	2047
plus	302
vitae	1521
valable	3483
déroulé	1708
répartition	1867
regroupés	747
explorer	2748
max	2391
secours	2186
reseaux	217
titulaire	256
mac	2746
réserve	1411
regroupée	702
date	618
gros	3533
nomination	2800
annulé	3120
validité	2483
intervenants	224
éventuelles	3678
permet	1566
nombreux	367
sp	2098
sdx2	1532
avant	627
ghz	3699
si	588
détaillant	3494
résorption	2048
sc	3496
comprenant	1663
sa	727
posent	3497
privé	2963
se	436
annexion	840
exclusive	1515
montée	166
sharepoint	2945
kroupware	3499
euros	3456
haute	2404
dérives	3587
associés	1399
intérêt	281
jeux	1407
associée	720
vocation	384
pointer	1819
mentionnées	2377
machine	3478
envisagée	2405
révision	860
reconstitués	632
mais	293
sata	3479
organisation	148
gan	3406
paramétrable	3076
stockage	2489
définitions	2977
mondiales	3568
mail	2979
nom	656
non	529
ddr2	3642
légales	2590
comprend	649
réalisées	1245
communiquera	1379
assurée	1376
safari	2753
objets	1273
défilement	943
obligatoire	635
errd	1931
possibilité	484
telles	1608
hiérarchie	1806
servant	1945
vitesse	3672
acte	638
separateur	1941
sata2	3590
ji4	2533
démarche	3695
ji2	2525
ji3	2530
ancien	260
h	1855
imputabilite	227
délicats	2767
statistiques	713
journalisation	226
maître	2432
en	9
attribués	753
recrutement	756
préalable	131
lieu	1793
communication	1460
ec	1917
conventions	189
réponse	936
polices	1609
réunion	1501
généalogiques	435
ex	1996
autorisées	2721
et	13
récapitulatif	3719
agit	1592
réactivité	3609
apporter	2411
confidentielles	2585
prévenir	2256
semestrielle	3136
profil	995
bretagne	2951
historiques	306
internet	44
interprété	3012
formule	2993
assurance	3043
horaire	3593
mimp	3523
pérennité	3486
desservant	2422
éparse	2069
million	2758
inclus	2724
matériels	1047
emulation	2210
d2m8	1734
obligation	3021
opérationnelles	2740
foncière	1975
hébergement	1474
webfile	2206
fiches	923
limité	1802
nécessitant	1084
éventuels	1300
synchronisées	3341
principe	1680
place	984
protéger	2272
invitation	3030
nouvelles	1057
indispensable	2774
processeur	3529
collaboratifs	3032
spécifique	725
suspend	2970
centrale	337
tenir	918
confectionnée	3138
clause	2625
variables	2314
courante	1930
pré	2689
carnet	3531
tableaux	2287
fonctionnels	1479
arrondissements	680
intégralité	3036
comprises	1512
message	648
initiale	1828
open	3038
ont	275
millions	622
redevance	3039
droite	854
parallèles	3042
modèles	1134
souci	2761
droits	488
2mi5	1733
moralement	798
2mi1	1732
2mi2	1731
devantures	907
désignés	2438
besoins	414
feuille	865
lettres	1839
hui	3543
maquette	1290
montrent	2056
échantillon	1424
défaillance	3053
raccordement	2191
célèbres	2073
vérifiée	2732
photographie	2081
population	194
sert	1719
spolié	2111
futurs	1461
réglementaires	1327
déploiement	41
quantité	2346
applet	1166
internationale	1553
tuyaux	2123
sera	499
réunies	2055
diffusés	3066
ia1	2458
ia3	2486
contrôlé	2254
conseil	290
afférent	2860
entraînera	1039
aller	2013
affranchir	3554
correction	1904
premier	263
quartier	695
séquentiel	1768
particulière	2394
ans	1852
tailles	2755
regards	2435
formes	2776
commercialiser	3345
éventuel	251
spoliations	816
complémentaires	763
regroupements	3148
note	1046
préjudice	3351
métro	903
traçabilité	2558
vont	3578
deux	393
lundi	3378
environ	2132
additif	3559
douze	1246
situer	956
extrême	3085
spécifier	2449
trace	1836
investigations	670
hospitalisées	704
incidence	2551
contraste	948
paie	2565
extraire	3089
paix	325
ethernet	2402
renommage	3342
pages	1222
caractéristique	2339
planning	2662
binaire	3571
doivent	1434
éditer	3094
gérés	3574
optimisé	2757
vaste	416
suffisant	2549
contrôle	1190
intrusions	3207
échoir	2906
duplication	2778
déport	2151
franchi	2193
collecté	365
créé	3103
certification	2408
lotus	3580
prédéfinis	1641
exigences	221
précisent	1421
nlb	2419
différents	103
signets	1816
xml	1535
fichier	539
serait	3114
noncoté	1976
restauration	2706
interrogations	871
assurera	1305
11fi	2036
différentes	1335
précisant	681
modalités	1062
différent	1902
chemin	2349
destinées	2665
suffisamment	1651
informatique	1469
nécessairement	2369
importe	3561
prenant	1292
litige	3124
concurrence	3501
établir	2469
établis	2784
2mb	3491
fortifications	908
décrit	1980
présentées	1604
peut	730
lui	3155
établie	610
élément	2799
complétées	700
nouveau	1280
juridictionnelles	810
représentations	1666
atteinte	2474
mutualisera	2777
exécutables	1299
atteints	2138
baisses	3135
xeon	3521
évidence	2764
leur	287
dictionnaire	3137
cifs	3303
fondations	3602
wiki	3204
nomlot	1908
humaines	1325
jusque	3139
nouveaux	2200
voisinage	3140
facture	1018
partenariat	3143
repère	1817
alphabétique	605
relative	2395
infrastructure	2249
installer	3146
impressions	987
coûts	2280
indépendantes	3098
arbre	3150
repertoires	543
proposée	1250
sites	1124
divisé	858
ouvertes	2368
chaque	273
bureau	771
vite	3518
plaquettes	1035
typedocument	1952
supplémentaires	3600
poweredge	3601
apparaître	3156
proposés	1473
pouvant	460
dehors	1756
réel	2030
notice	1643
intégré	1137
dénoncer	3160
maquettage	1260
affichage	115
ferme	2283
reseau	213
ji	2515
législations	3163
silos	3492
pixels	2819
intellectuelle	2001
dates	688
vue	34
installation	1123
missions	3607
propagation	2509
tour	449
tous	644
tout	469
aura	1772
spécialisation	2443
hébergées	3147
insérer	1661
expression	72
autour	2653
câblage	2114
été	373
firewall	3465
effective	3052
devrait	1774
parcourir	1545
innovations	3280
consulté	1653
amont	2417
récents	1557
réservée	821
besoin	230
traitement	387
syntec	3178
prud	344
quartiers	882
seulement	1101
sensible	2529
restriction	3498
détérioration	1365
capable	2519
troncature	917
lorsque	1991
signalétique	743
localisées	729
absence	3506
naissances	651
unitaire	3622
collaborateur	3188
industrie	3623
prototype	1291
propriété	2454
venir	1581
concernant	398
direction	63
détail	3606
protocole	1584
limitée	1889
adaptant	1636
antivirus	2255
ceux	874
arrêts	3195
photos	900
developpement	394
référentiel	2428
coordinateur	3199
coopérative	3629
quatre	1701
argent	3200
indiquera	1155
carton	2101
fournira	1351
cadastre	846
implantation	3332
gbps	2140
déployé	1572
situation	2226
adéquation	2927
sélectionnées	939
force	3037
suse	1106
orientation	96
solde	980
numérotées	1789
commandes	1007
couples	1825
soit	636
differentes	190
victimes	815
numérique	668
consulte	3639
fonctionne	3216
référé	833
par	375
pas	643
etc	1611
méthodologie	2603
s	781
partielle	3228
vonc	2038
concédée	3230
propose	2645
document	50
admis	2375
particuliers	1842
équipé	3482
écran	580
statut	2110
personne	151
adaptif	3644
explications	3645
ajoutée	3429
paramètres	975
reconduit	2949
mairie	232
sensibilisées	2683
identificateur	1943
cessionnaires	3040
nag	3720
préconisations	1163
occasionnel	2344
dressé	604
schéma	403
charges	1401
charger	1624
faible	3652
lequel	639
entrepôt	3248
indépendant	1032
situés	2174
dhcp	2328
illimité	3185
stockée	1897
soient	2555
nb	1726
conformément	1423
constitué	1679
apportées	3144
connexions	2424
instantané	2358
taille	1231
bercy	1112
modifiable	2787
ajouté	3256
actions	2524
xixe	837
négociera	2664
aspect	3260
multiples	3262
quelle	1198
déployée	1161
regulier	147
seule	1813
instrument	1632
bloc	1654
consacrés	1310
arborescente	3272
comptant	3487
perte	2578
ordonnances	546
styles	1605
comptes	2465
échéance	446
dits	1870
sécurisation	2243
matrice	2324
lissage	2021
accepter	2867
viser	2234
mot	967
dite	710
certains	329
ad075ec	1764
mon	3279
mom	1422
moa	1490
correspondant	773
moe	1491
contrôlés	2714
définit	2448
payer	1017
référence	1894
matières	2427
couverture	1459
journée	1238
répertoires	545
numacte	1949
parisiens	1997
possibles	1650
où	663
aucun	1033
ponctuel	2343
curriculums	1520
rôle	2617
participe	3363
rapports	3668
meunier	3669
avancés	3291
appuie	1472
mesures	2320
constitue	1552
ultérieurement	1779
édité	2236
table	211
images	790
sommes	3298
annexer	1519
competences	139
saisies	652
bénéficiaires	3304
attendus	2137
extranet	39
ac3	2499
ac2	2497
intervenir	432
ac7	2513
ac6	2508
ac5	2505
managés	2312
simplifiée	3311
cible	111
mensuel	3591
illégale	3313
détaillera	1030
asynchrone	3681
accueil	581
business	3317
prestations	20
livraisons	1418
seine	334
génération	2017
attendues	77
vigueur	3209
celles	706
techniquement	2917
on	640
associer	3324
central	2169
collègues	3325
apparues	346
favorisant	1591
origine	1881
cadastraux	1990
stipulations	1427
ou	304
os	1069
or	2915
intégrable	3433
outlook	3690
vendre	3331
remplir	2663
partiel	2397
numérisées	38
image	895
séparer	2795
copies	3288
rues	851
compatibles	2743
parties	1668
limitées	2426
rejeté	2698
appellée	3567
intervention	1255
capillaires	2196
allemand	3526
liant	3697
réputé	3698
celui	582
structuration	2412
légale	2550
envoyer	1495
accompagné	890
strict	2387
ingénierie	411
couche	2364
objectifs	222
lot	592
plusieurs	824
disposer	1088
édition	1013
blocage	3703
agricole	3704
souhaite	788
rejet	1431
matière	1126
regard	1169
siège	301
draine	2195
rue2	1955
rue3	1957
systèmes	253
partie2	2108
rue4	1958
interprétables	3728
séparés	607
exigées	2521
informer	3709
adaptés	2600
créer	1536
impossibilité	3176
demandée	1115
circulation	940
sensibilité	2396
séries	797
réutiliser	3711
demandés	1048
corrective	3715
remis	1059
manuel	1295
remplace	3403
simplifié	3364
présentes	3365
présenter	1517
fils	3367
ac	2492
ad	2262
pseudo	1859
progiciel	182
opérateur	2154
an	820
rapide	937
au	83
notions	3149
publiques	2251
informatiques	1303
manipulés	1723
film	1874
géré	3382
majeures	76
compétence	288
spéciaux	2794
sélectionner	866
personnel	84
regroupe	835
juin	3385
marque	3387
personnes	717
compétences	137
prise	1281
réapparition	935
raccordant	2173
bloqués	2701
collaborative	2209
registre	1751
finale	3725
trimestrielle	3399
stocke	1704
prévue	764
supposée	803
a0	549
important	429
a5	528
a4	531
composant	1082
apportent	3005
annee	1948
nonexécution	3123
prestation	122
relevé	1503
conduisent	2961
cœur	2142
serienum	1915
conservés	418
raccordements	2117
précis	1640
recherches	480
rechercher	3411
joindre	2286
facultative	659
juillet	3520
visuels	2804
ad075dp	1760
périphériques	1206
éclaté	1810
cohabiter	1159
alphabétiques	762
causes	2882
entière	2840
recommandation	2398
facilement	1589
endroit	2842
contenu	587
cotev3e	1953
recensements	691
physiquement	1899
ts	1964
detaillees	133
détailler	1183
revenir	578
modifié	3049
secondaire	830
exemplaire	1352
presentation	58
offre	560
accompagnée	915
vers	97
postérieurs	804
devront	574
marchés	16
projet	149
ical	3424
sont	262
éditions	495
ensuite	1832
autorisation	2214
ticket	3425
condition	2323
intérêts	2985
2ème	625
sans	683
développeurs	1634
evaluation	1010
impactés	1274
applicable	25
utilisations	1326
large	2863
circuit	2361
effectuée	823
ajoutés	2865
définitive	1770
définissant	1381
programme	417
tel	1909
auquel	2359
réglé	2872
dénominations	1848
condamnation	2874
entraînant	2299
téléphonique	3014
perspective	983
affectation	999
inscrits	2629
intéressent	841
récemment	3069
mariages	608
hiérarchisées	1664
section	875
française	2046
quelqu	2500
posées	1136
importer	2881
version	214
dénombrements	193
sur	43
jpegq3	548
estampille	1024
public	1541
racine	2954
enregistrement	1009
circuler	3427
tournée	2886
installations	1475
préalablement	1023
agissant	2613
posséder	2941
protégées	2716
dépôts	805
implémentés	2892
numdsrue	1950
directions	353
agrégées	3019
filtrage	2386
reconnu	3371
routeur	2162
à	4
nomadisme	2229
xixème	322
gestions	2899
règle	2542
englobe	2883
grâce	878
programmé	2831
mécanismes	2179
action	2902
aethera	3633
options	3448
étapes	1481
comprendre	2308
appuyer	2905
méthodes	3627
via	1191
généralités	2790
texte	766
ressources	1403
descriptif	3651
utilisation	1448
feuilles	859
détruits	619
déportée	2471
créées	1588
entreprise	2911
huit	3301
numérotée	2104
memos	3455
fixe	3527
intensive	3416
boite	3635
distinct	351
planche	2011
quasi	3458
signaletiques	538
archives	37
recetter	3572
émulé	2282
d3r1	1739
réponses	933
législation	3097
unk	2827
contient	1671
contrairement	1979
répondeur	3637
durandelle	2075
authentification	2212
utilisée	1171
mozilla	2750
respecte	2290
serviront	2924
fortificationsmétro	2092
partagés	2221
préconisation	2393
exigence	2293
utilisés	1578
nationales	1977
offertes	1687
indisponibilité	1235
fréquences	2352
concerner	1627
des	11
entretiens	3075
vraie	2931
imaps	3420
sociale	826
v	2803
abandon	802
taux	958
enfant	1876
infogérance	2934
dual	3638
impacts	1405
dispersés	2004
share	2938
minimum	2083
livrables	1045
constaté	3319
suivant	693
générale	210
information	67
ajoutant	1790
cours	433
étudiée	3475
utile	2337
mapi	3476
août	19
étant	1094
catégorie	724
menus	2948
mention	2593
nommage	1722
débit	1127
ensemble	396
css	1606
accorder	2502
mobilité	2227
plans	424
équivalent	2481
extérieurs	2176
notre	2952
signature	2727
porteront	1787
séparation	1843
upload	3096
fi	1796
connaît	3489
rattaché	2623
déployer	1283
éprouvée	3044
fo	2164
a	126
produit	1440
grands	1311
trois	613
délais	1513
situé	2372
postfix	3548
resteront	2958
documentation	1296
bugs	3707
supervision	2903
tolérable	2569
insistant	615
grande	381
entrepris	415
documentaire	175
chronologique	633
reconstitué	523
passages	2766
attentes	996
compétente	3117
mission	276
assistés	197
annexées	600
quelles	2654
existence	2973
forcément	1811
style	1637
systeme	1234
but	3705
surtout	2228
formulées	2433
confondu	2350
changement	1525
manière	474
engageons	3113
territorial	264
html	2759
lire	3508
paramétrage	105
verrouillage	2982
autorisations	1412
vendredi	2983
vérifications	1417
devanture	2041
spécifications	132
engagements	2722
cet	834
ces	383
pleade	168
dynamiques	1538
administratifs	2053
basé	3305
répondu	1135
compter	1455
stopper	3510
protégés	2673
programmation	2991
faire	1019
comités	2624
détaillé	1383
porte	472
logicielle	3513
détaillées	1180
2e	671
modèle	1678
compris	1056
indiqué	1707
associes	242
cinq	755
cahiers	2445
quinzaine	1711
apportant	2996
idem	1956
préconise	1140
intérieur	481
librairies	1686
intégration	135
couvrent	2113
donnée	2260
signé	3182
organiser	1387
dispositif	2233
similaire	1858
etat	298
ftp	3002
typologie	2407
reclassés	1833
hiérarchies	3237
accèdent	3006
redimensionner	1665
serions	3007
devoir	2587
responsabilité	1366
valeurs	3009
redevances	3235
participants	1398
journaliser	2520
privilèges	1089
indexation	893
issue	1318
inactif	2812
inconnus	1831
recette	1141
proposé	1248
interlocuteur	1471
précision	765
fondation	3438
veille	1485
comprendra	1342
base	99
proxy	2268
disposition	977
livraison	1257
annoncés	1435
attendant	1103
voies	879
spécifiquement	1068
selon	504
complète	1369
definition	108
pairs	1863
entiers	1026
porté	423
script	3536
pilote	1484
vérification	145
remettra	1338
openldap	3646
diffuser	1595
projets	69
restrictifs	3670
expérience	3314
nombreuses	3241
feed	3223
informations	586
classement	793
dont	360
navigateurs	2747
mise	127
extérieures	1620
instances	154
donc	696
principes	1064
ouvre	2999
fonctionnel	1269
réseaux	71
gollem	3647
partageant	2869
passer	685
majorité	382
sélectivement	2531
entrée	1492
subit	2990
avec	40
lié	1276
noms	686
cryptographique	2729
authentifier	2463
contre	2541
ouvrées	3046
présentera	1384
manipuler	3538
environnements	104
concéder	3179
représentées	309
travail	110
ainsi	328
stockés	507
arrondissement	327
levée	2027
norme	163
part	631
tenues	1359
concédé	2873
longtemps	364
atteindre	1544
albums	2085
contractant	3539
envois	3057
modes	1550
diffusion	1282
déplacement	944
b	181
complété	2447
îlot	847
étudié	564
double	1932
administratives	23
dans	91
dtd	1551
problème	3626
préparation	1396
année	274
organisé	849
inférieures	2354
mètres	2014
remarque	3070
quiconque	3552
éléments	646
livrera	1294
conduit	395
incombant	1355
récupérés	3555
polluent	3434
aussi	294
seules	2703
impliquant	1389
ouvré	3074
couleurs	550
annuels	796
parc	2131
numération	1038
récupération	3560
préparamétrés	3225
intelligents	1199
option	769
propriétaires	2859
élaborés	836
réalisations	1438
constructions	2066
jour	402
conviviale	3665
prévues	1404
centralisés	3564
cotation	2035
suivants	1420
défaut	2964
faisant	1699
directives	1181
arbitrages	1483
horadatage	3731
élaborée	2707
suivante	1983
îlots	2049
centralisée	3084
suivi	1357
dernier	3380
echelle	2567
avancement	1509
pdfbox	3348
diverses	3086
tâche	3676
détaillée	557
copie	1001
capacités	1125
virus	3091
plan	159
ac1	2493
services	184
infrastructures	2182
logique	1172
constitution	1524
boîte	2203
centaine	361
barres	2754
windows	444
performances	112
ko	524
céder	3410
km	2121
16mm	526
décès	655
unicité	2459
convient	1631
prend	2322
façades	2091
institutions	345
signalant	3100
bandeau	951
gold	3104
obligations	3379
produira	1317
fond	583
toujours	1752
pictogrammes	2815
session	982
relation	2785
réparations	3111
font	1565
multimédia	2786
impact	1072
couplée	2889
mickaël	3115
forfait	3584
émettre	2378
quel	3586
néault	3118
maintenu	3471
obtention	3463
lettre	794
spécifiques	716
reportera	2300
titres	2936
collaboratif	2129
intersite	2165
express	3484
disque	3125
cote	786
mieux	1598
dépasser	3649
emails	3589
véritable	3546
ouvrirait	2849
transversal	2223
retenue	2491
pourront	464
résidé	1998
recherché	664
cela	3134
dossier	966
essentielle	2232
retenus	512
dossiers	483
authentifié	2690
première	421
x	2147
volet	2442
numéro	721
ses	863
potentiel	2357
renforcé	3221
robustesse	2479
nomvue	1913
numérisée	978
espace	2901
nomregistre	1912
culture	1562
données	100
descriptions	1675
numérisés	80
ldap	2857
transférer	3579
immeubles	732
cliquables	2806
effectuer	965
ingo	3597
prescriptions	1133
temporaires	2071
affichée	1924
exchange	3439
successives	682
secondes	1224
pouvez	3153
classes	780
désigné	2437
conditions	1184
hauteur	2029
téléphones	3550
procédurales	2475
chaînes	1602
interfaces	1244
attention	1841
mémorisables	3092
transmettre	2356
nomdvd	1911
proposées	466
mutualisé	3161
imp	3505
opposition	2240
résulte	1710
interface	1152
producteur	1987
errau	1940
coté	3605
présentés	1616
c	186
classique	1798
retrouve	3166
activité	3167
secrets	2241
thot	183
retenu	258
catégorisation	174
communiquée	2731
spécifié	3168
rubriques	2591
gestionnaire	3611
approche	2631
erreur	1777
pdf	3170
recevoir	2379
théorie	3355
transiter	2360
adapté	1576
principalement	1564
partage	2222
globale	123
point	774
simple	1076
dimension	2619
précisera	728
catégories	715
fréquence	1041
agents	1395
janvier	3661
contrat	2608
linux	1107
administrateurs	1346
engagée	3296
connexion	3180
actes	204
outil	1534
2miln1946	1730
moins	2480
sieve	3443
transformations	1612
déployés	2122
échec	2523
due	2018
portail	1192
pc	2269
photographique	2045
échéant	1263
arrêtent	3187
maintenance	117
exploités	1111
ph	2043
dus	1154
devis	1385
dialogue	3192
spécialiser	3072
remplacera	496
portée	2768
nos	3273
propositions	2599
obligatoires	653
environs	3444
repertoire	1826
35mm	533
devraient	431
rupture	616
imap	3630
triée	997
environnement	102
p0	3201
conception	407
p4	3631
affiche	3203
puissant	1533
batch	1175
nominale	2548
formats	509
recense	3393
détenues	2670
sombre	1865
pack	3213
évolutivité	106
ecran	594
descriptifs	1677
aujourd	380
permettrait	1757
prônant	1065
tests	1408
jpg	1797
partagé	2205
puisse	955
sociétés	2725
vos	3220
compléter	2285
aspects	2616
lecteur	964
rib	2895
désactiver	2512
particulier	1168
logiquement	2694
puis	527
centralisation	3640
referentiel	219
grand	2150
modification	947
natifs	3232
recommandations	2020
composition	1489
heures	1237
commune	884
permettant	880
bon	1314
visuel	2805
vo4	2040
moment	579
horde	3563
ccit	541
communs	2086
forte	2213
jp2	1799
ensembles	3583
oeuvre	1467
ad075ea	1761
travers	1692
précisément	1216
entre	629
permettent	3245
contraintes	95
positionnement	1003
frais	3653
de	1
klarälvdalens	3449
tentatives	2485
y	1055
liaison	1946
impacter	3654
propos	3253
ergonomie	169
distances	962
cour	343
classent	3255
spamassassin	3655
téléchargement	1669
consolidées	1888
intégrant	3202
scolaires	709
réunir	1999
questions	562
contiennent	1860
alfresco	3058
supprimer	2511
expériences	3263
tables	198
cloisonnement	2699
execution	158
basée	2728
émulation	2406
admission	808
livrés	1321
révolutionnaire	676
souscription	3183
source	1339
planification	1356
maxi	1725
communiquer	1590
impairs	1864
confidentielle	3129
couverts	2560
descendant	2506
organisée	1353
livrée	1287
disponibles	2705
accueillent	272
conséquence	2579
générer	3277
externes	2238
format	976
dvds	1906
figurés	599
demande	1011
uniquement	679
dédié	2374
spécialisée	3257
compte	356
bénéfice	389
expliquant	3585
conformes	1426
webmail	2204
modifications	1614
documentum	3283
activex	1081
supportée	3308
défini	1628
convertir	3284
actives	1886
linéaires	270
flux	2172
continue	1451
indication	669
core2duo	3524
émane	2064
rééchantillonnage	1027
technologie	1561
capitale	378
territoriale	289
publics	17
suspension	3292
autres	597
suivent	2912
formées	2684
réglementation	2034
partenaire	2127
accessibles	2218
personnels	247
ultérieure	1783
privilégier	1070
bibliothèques	3300
reposent	1527
obliger	1087
feuillets	52
modalites	142
rien	3010
substitue	3401
contacts	3306
peu	2239
depuis	347
œuvre	128
integration	113
facturation	1012
département	0
adéquat	2914
règlement	3062
parisienne	1097
refaits	1872
minimal	3679
t	2798
bd	3312
vitale	2220
arrdt	2112
coupure	3286
identifiée	1896
habituellement	2884
empêchant	3320
rue	718
directeur	404
br	2156
exemple	1753
travailler	3359
demandé	1516
identifiés	2005
caractérisant	1415
être	465
blocs	2216
1gbps	2149
bureaux	379
passerelle	2194
faite	894
smtps	3685
méthode	2367
nécessaires	1301
suivantes	886
ceci	1822
opéré	1972
gamme	3174
lycées	330
donné	1854
taches	3329
laissés	3689
archivistes	1697
tiff	540
existantes	3693
connu	3048
italique	2597
pilotant	2622
contributor	3336
realisation	134
critère	2321
chacune	552
déroulement	2635
inclut	1869
long	1322
disposent	2720
consultation	36
niveaux	2252
suit	2738
appartenance	2496
réputés	2244
codeverificateur	1925
paiement	985
sections	2135
brique	2136
conduite	408
files	490
obligé	2015
possède	642
exclure	2080
postes	109
auxquels	3205
périphérique	2059
sdx	1559
ailleurs	1306
mécanisme	2487
atol	3354
présentation	176
rôles	2696
proches	377
strictes	3551
rendues	811
villemoisson	2159
intuitive	2801
rdv	3445
affaires	3360
finement	1452
accédée	2462
retard	3051
uo	1266
comporte	51
exploration	178
verification	1432
différé	689
directes	342
analysée	2642
crédit	3726
z	1856
numdsrue4	1961
propres	479
groupware	3713
consulter	929
numériques	1546
interventions	3617
numdsrue2	1959
présent	49
numdsrue3	1960
considérer	3375
nées	3376
équitable	2835
assujettis	3718
archivage	1177
eléments	2797
renseignées	2594
codes	1053
désignera	2621
groupes	1618
tentative	2514
elles	266
lesquelles	1890
sessions	1386
tard	1494
application	31
magasins	2042
quelque	3004
significative	2279
organise	3389
incidences	2575
informé	2685
restes	1510
rester	2739
chacun	612
intégrité	2547
invité	3396
critiques	2259
naturellement	3315
survenance	2890
reprise	2922
interroger	1549
remplacement	439
suppression	172
transmises	2348
structure	209
groupe4	542
e	218
performance	2762
dvd	1333
age	311
publiés	3409
sectionnaires	856
microsoft	2329
microfilmage	1971
lans	2311
décrites	1128
oracle	1696
utiliser	1080
pourraient	572
reprendre	3413
code	15
êtes	2830
gp	2157
discrétion	2832
établissements	291
comptée	722
proposition	1228
contourner	3542
gb	3415
études	397
largement	2003
contributions	341
annexees	547
compact	1202
tribunaux	350
clavier	1201
pouvoir	468
globales	3730
découpée	1861
abonnements	362
anomalie	2844
attendue	1406
automatiquement	2845
échappant	2929
séc	2540
pertes	2997
poussées	1095
tierces	2848
contours	735
stable	3418
suite	1903
antispam	3419
opérations	899
fins	1850
objet	27
acquise	1703
matricules	752
présentent	2000
logos	2813
cctp	54
ac4	2504
intel	3423
implémente	3356
étudier	2155
associees	125
préfecture	333
garder	1835
afficher	931
façade	906
entreprises	3467
tri	1662
exemples	2826
pièces	314
prix	1014
transmission	388
positions	1993
notes	3428
dénomination	1002
consommation	3450
exprès	3020
supérieures	2353
préjudices	3340
représentation	1554
assemblage	738
configurations	883
explicite	2301
surcôut	3532
cartes	881
militaires	201
considérées	2296
graisse	2782
qté	2870
toltec	3431
proko2	3692
applicables	2457
seraient	1547
forfaitaire	124
insertion	1794
originales	1713
décompresser	3316
fonctionner	3078
responsabilités	2639
fonction	336
donnees	114
index	188
transverse	2134
disponible	1626
trimestriel	3321
renvoi	1034
composé	1463
access	208
bénéficie	3116
échanges	1558
échanger	1585
particulières	47
égal	2297
abonnement	3131
assister	1323
assistes	544
signalement	2686
flash	2843
administrateur	1267
déroulante	719
appartenant	2126
contrôler	1449
contrôles	1329
inclure	1225
tenue	2668
planifié	445
les	62
déconseillé	1079
sûr	2472
tenus	2719
accusé	2894
papier	988
mises	489
suffisante	1655
engage	1367
réinvente	3500
préconisé	2898
pertinente	3208
imposées	1801
grandes	1480
regroupent	1910
lansiaux	2063
activités	2712
existent	1849
offredu	2439
avancée	3302
rive	853
activés	2807
variété	1573
firefox	1108
addresses	3451
autant	2019
découlant	3412
coût	971
précise	922
poi	3177
scindé	1844
ramenés	2910
blog	3270
ressource	2467
dommages	3318
signés	3556
datent	2068
facultatives	678
publicitaires	3457
français	265
commun	1193
chefs	1497
premières	838
procédera	1308
certificats	2247
process	2937
postérieures	872
seconde	1223
conçu	1970
exhaustive	2307
tacite	3349
libération	348
internautes	2125
filtres	2921
trait	1259
largeur	2031
convier	2626
dédiée	2773
confidentiel	2926
paragraphes	2596
pourrait	1575
courrier	1371
départementales	261
netscape	2751
cahier	45
intéressant	368
plateforme	456
dispo	2341
f	235
exprimées	563
clients	1378
ram	3624
pour	244
manipulables	3474
imbrications	2769
publications	358
cliente	1102
précisé	993
votre	2935
installée	501
objectif	1382
natif	1705
porteur	2772
fichiers	206
valables	3615
consignées	2691
risque	2273
désignation	3473
tag	2933
installés	1110
justifications	2365
nominatifs	2942
disposeront	1504
delai	157
organisées	1715
résultent	896
tableau	737
formations	1344
réalisera	1289
systématique	1857
optimiser	1229
varier	1150
émis	2646
titre	1049
procédure	5
souvent	623
intégrées	575
capillaire	2115
fonctionnalités	92
entraîner	3026
propriétaire	3519
specifications	87
arrêt	2953
résultant	2974
collection	2044
caractéristiques	1173
prioritaire	2271
profils	486
assurant	1507
née	2956
heure	998
annexes	161
accompagnées	2592
apostrophes	920
désirez	3544
totalité	1773
personnelles	3688
centralisant	2959
classe	761
conformité	1428
correspond	1969
dérogation	2655
montre	2070
portabilité	475
résolution	3446
transformation	3274
indexé	850
publique	152
séquence	3059
graphique	237
ordre	144
contraires	2968
développé	2969
comme	459
sauvegardée	3099
indiquées	2971
logicielles	452
deuxième	1845
intitulé	1031
télémaintenance	1249
le	48
supporté	1706
la	35
numérotation	1769
dispose	2421
indésirables	3504
préfectures	295
causé	3065
occasionnels	2677
spécifiant	2661
primordial	3621
oblige	3724
eux	2315
duprestataire	2440
instruments	173
auprès	1380
hommes	759
pixel	2823
pleine	2756
habilités	2253
exigé	2305
visualisée	979
frontal	2143
trouve	1830
invitations	3243
dat	2303
également	500
failles	3509
actuelles	864
front	2564
rotation	946
mairies	326
floue	1936
d3x4	1738
valider	1044
articles	12
saut	2763
utilisable	3512
l2	3514
mode	626
professionnelle	1104
protocoles	2995
identifier	1676
tracer	2586
versionning	3335
déterminés	1647
oui	1923
map	2817
conclu	8
initialisation	2998
expliquer	555
obtenues	934
distinguer	2494
lilas	2139
réseau	101
servir	2589
programmer	974
tant	1986
spécialisé	2446
là	2060
début	321
supporte	1583
xviième	315
clarifier	2796
alphanumériques	757
comparatif	3485
liés	1147
contrôlées	930
revalorisation	2965
supports	1332
sauf	1884
verbaux	3011
européenne	3015
interactions	2468
ecm	3018
bourgogne	3525
grégorien	801
temps	1230
récolement	207
que	284
pendant	118
membres	3106
sécurisé	2163
qui	371
printemps	812
implication	2618
demandeur	2105
pqp	1188
interaction	2466
applications	1579
denombrements	534
ajouter	1786
calage	2820
façon	556
qualification	2306
gérant	1470
campagnes	892
remontés	2638
résultat	589
permettra	1623
pourra	1050
permettre	461
choses	3507
existants	2986
existante	1271
courriers	3534
distincts	2370
proposons	3008
souscategorie	3490
management	2610
idcollec	2025
approuvé	2640
redirection	3344
considérée	458
outre	2309
retiré	3252
relations	2615
retenues	2605
importées	3045
constituant	3259
renouvellements	2484
fonctions	473
juridiction	319
transferts	1144
plupart	3541
notifiant	3067
décisions	809
complétude	1453
documentations	2711
intitulée	2292
compréhension	1905
1er	18
extensions	2388
manipulation	3107
répondant	1241
constituent	2598
institution	1594
rss	3330
kronolith	3701
v4e	1744
nomvueext	1914
mbps	2144
visites	1254
gestion	81
errpo	1928
comite	1476
encore	665
calendriers	675
alertes	3553
évènements	2002
qualité	363
progressif	440
dématérialiser	2566
débutera	3595
faut	1788
clic	736
comptabilisée	2099
nominatives	536
réaction	2647
priorité	3080
sdram	3562
documents	271
concerne	1709
rattachement	2415
min	3081
exercices	1348
choisir	1630
physique	828
dressées	692
contact	3675
instance	3267
affiner	877
pourvus	1200
exploitant	1143
adaptée	6
seront	513
mis	1278
appliqués	3082
choisie	1648
brève	1644
salle	441
xviiième	318
connecter	1567
agenda	2207
montant	1016
centre	3307
collaboration	3087
conçues	2087
répondre	1203
maintenant	1782
vise	2224
concernés	898
contributeur	3093
écrit	3095
nativement	3575
développés	2726
mots	919
revues	2644
délégué	2620
souffrent	2572
personnalisation	3285
kilomètres	269
autorisé	2501
recommandée	2409
1994w	2097
standardisés	3159
comité	155
efficacité	3565
occasion	690
préconisons	3577
correspondants	927
développée	1540
annuelle	3101
impression	493
consécutifs	3102
nagp	1714
indépendante	1099
violation	2847
inférieur	777
tarif	3108
nécessite	590
passe	968
interfaçage	3112
technologies	65
locaux	292
principal	2010
durant	818
réaliser	259
abondamment	349
certifiés	3453
rendre	1684
bases	1336
destiné	2431
antérieures	839
libre	1051
controle	225
avenant	3154
go	2837
local	1008
fermiers	844
fragmentation	1667
rubrique	2595
trouver	637
d1m9	1741
interrogeables	2079
photographe	2062
passent	2371
habillages	1599
constitués	374
qu	787
partie	477
résidant	707
ouverte	7
partir	438
rappel	1721
métadonnées	1672
cachet	3338
nécessitaient	3022
numerisation	503
assuré	601
ouverts	2175
déposés	1090
prises	2016
perçus	2633
conservent	267
module	78
virale	2257
existe	2084
ttc	3224
passé	1542
poursuite	430
configurer	3596
xxxxx	1992
utilisant	2190
portent	2037
phases	566
preuve	1416
raisonnables	3023
vignettes	916
conseillée	3599
xslt	1613
compressé	1625
évitant	1165
identification	932
déterminer	1197
email	3157
tenu	1243
javascript	2760
utilisateurs	170
hosting	3361
éric	2932
résumant	744
adéquatement	2373
2miln1931	1728
génériques	1580
développements	1298
certaines	1021
police	2780
configuration	1212
tls	2382
restrictions	2839
tiers	1218
forme	667
conseillé	3608
fourniture	960
attribuées	1966
celle	568
aucune	1947
conséquences	2580
limite	1574
assure	1458
avertira	2659
connaissances	3061
commande	973
figurer	1020
agent	2230
luminosité	949
inviter	3171
dû	3172
comment	559
définie	1316
indice	3055
relevant	286
clés	2250
ca	1989
négligence	3175
ce	243
cd	508
reconstitution	621
conservé	366
rapidement	1441
définir	1043
définis	514
respect	1185
définira	1209
reconnaît	3198
effectue	3558
contextuel	673
1ère	620
vidéos	3184
chapitre	1186
après	447
cent	2545
appropriées	2672
attendu	1402
certain	1882
charte	236
sévérité	3362
complément	2410
avis	3191
exploitants	1347
concours	905
pic	2814
restreintes	2556
constituants	2718
restant	2583
recherche	90
identité	2470
potentiels	2452
nuira	2476
ancienne	1877
chiffrage	1264
instantanée	3716
priorisé	2258
successifs	2094
conservant	1785
appelé	3632
carrière	746
privées	3717
riche	3210
définies	455
externe	1179
intranet	249
étendues	3193
contexte	73
va	1433
nous	2962
motif	3217
examiner	2538
respecter	1162
éditeurs	3636
municipale	701
site	238
tarification	3610
contrainte	1242
vu	1922
raison	825
supposait	1548
fonds	79
déclenchement	3222
clairement	1215
parti	3641
administration	405
antiviral	2384
évenements	3229
basant	3231
jetable	2246
appliqué	1313
ordinateurs	2834
reçu	2984
préparer	1670
reprend	1750
personnalisés	1600
datelevé	2026
reporting	3239
suivie	428
dysfonctionnement	3612
architectures	1217
moyen	310
dizaines	2120
destruction	2061
audit	228
nomade	2215
concordance	674
correspondent	1898
annuel	2065
i	32
safig	1887
automatique	1944
dépasse	1690
téléphoniques	2116
coupée	1934
configurables	3404
appels	2765
remonter	2687
position	2822
renforcés	2180
bandes	942
d2hdepot	1735
détails	2057
répartis	628
moments	2088
téléphone	3126
sélectionné	775
casernes	708
sources	1054
descriptives	924
différence	2351
fédéral	3656
connecteur	3657
coordination	1358
web	1537
significatives	897
console	3265
adp	55
politique	2235
déterminé	1645
synthèse	1891
réunions	1042
usage	1074
craindre	3721
originale	1767
futur	1465
possibilités	1683
qualificatif	887
grosman	3276
réussite	2522
importante	1895
haut	2187
interrogation	779
proprement	1883
1277w	2096
décide	2636
ayant	300
détectée	1778
démarrage	1354
période	1265
représenter	3282
région	296
rétablir	3667
gérer	1674
opera	2749
numdsregistre	1918
mhz	3671
liées	1022
nominative	192
page	56
accessible	666
vsr	1324
permanente	3369
césure	800
majeure	3079
fonctionnelles	88
altéré	3295
consultables	3673
kits	3110
empire	332
sauvegarde	1368
adaptées	2669
transport	216
système	991
est	385
contractuel	3421
strictement	2838
communes	369
matériel	1514
qualifiés	1444
conserver	3616
avoir	448
limitations	1800
spoliée	829
ministère	1530
journal	2692
ji1	2517
relais	2153
découpés	1862
intégrante	1981
terminaux	443
vues	518
analyser	2451
réévaluée	2643
simples	2916
panel	3323
remontées	3515
½	3540
succinctement	2611
divulgation	2675
dimensionnera	1210
compatible	1208
extérieur	3545
engagera	1214
curative	1252
concession	3328
suffixes	2821
powerpoint	2960
v3e	1954
php	3648
états	199
ouvrir	1096
prévisionnel	3691
série	359
civile	3333
traités	1036
hotline	1247
echange	167
documentaires	1586
intégrée	731
kolab2	3528
maquettes	1442
toutes	1361
contextuelle	822
secret	3186
équipement	410
allemandes	3710
intégrés	2177
notices	869
noires	3700
saisir	969
boites	3702
offrir	963
délimitant	733
savent	3517
simplement	3350
dreamweaver	2788
conscrits	754
ea	1963
résiliation	3258
signalétiques	200
lancé	2429
ead	164
ht	3353
volume	1005
réalisation	28
général	339
complètement	1211
précéder	3708
dur	3189
prototypage	1261
générique	1539
étude	3357
relocalisation	3358
placer	1085
switch	2167
pn	3190
attribuée	3000
indépendance	1066
évoluer	1341
remettre	2992
assistera	1319
rappelant	767
signer	2680
distribution	1105
demandées	1436
automatisée	986
sein	938
etape	130
faciliter	419
periode	119
lieux	1350
cohérence	1482
int	2539
mentionnant	2294
citrix	2284
d6p2	1974
nouvel	770
adsl	2158
calculer	961
équipements	2192
déléguée	2261
prénom	795
résidence	703
secourus	1878
procédures	1153
monter	1219
feront	2717
courant	1091
licence	2893
relatif	1187
médiatique	2553
seul	1196
detail	129
journalière	1284
sauvergarder	3386
prealable	1288
montee	1570
personnalisée	3388
envisager	1656
er	1965
télécharger	3391
lance	3722
reconduction	3290
expositions	909
over	2810
4h	3582
délégué4	2436
saisie	658
adresse	699
fois	1239
vignette	891
éventuellement	1052
membre	3400
augmentation	3402
aviser	1370
navigateur	1075
décrire	1158
développées	1058
typées	3405
décrira	1167
inférieure	2561
tomcat	1117
adaptable	3196
niveau	1073
renseignera	2674
blogs	3408
remise	1364
souscrit	3197
d10s9	2039
original	521
mobilier	911
volumes	357
préalables	1413
validation	972
routant	2171
